person.key,person.name.last,person.name.first,entry.name
brandt-exc+ump,Brandt,L. J.,#league
bass-cha+ump,Bass,James E.,#umpire
brandt-exc+ump,Brandt,L. J.,#umpire
malone-ump,Malone,Tim,#umpire
mcgrath-ump,McGrath,,#umpire
murphy-ump,Murphy,,#umpire
smith-ump,Smith,Lucian W.,#umpire
accorsini-gre+cha,Accorsini,,Charlotte
anthony-cha,Anthony,"John H. ""Jack""",Charlotte
bass-cha+ump,Bass,"James E. ""Jimmy""",Charlotte
carle-cha,Carle,Oscar,Charlotte
cheatham-cha,Cheatham,,Charlotte
cheshire-cha+sal,Cheshire,John,Charlotte
fetzer-cha,Fetzer,"William M. ""Billy""*",Charlotte
gamble-cha,Gamble,Mack,Charlotte
gibbs-cha,Gibbs,Lewis,Charlotte
giles-cha,Giles,"Dennison F. ""Denny"" ""Fatty""",Charlotte
glaze-cha,Glaze,"William Lawton, Jr.",Charlotte
hadley-cha,Hadley,Frederick Watson,Charlotte
hamburg-cha,Hamburg,Charles H.*,Charlotte
hobgood-cha,Hobgood,(Jas. Edw.?),Charlotte
howard-cha,Howard,"Robert L. ""Rube""",Charlotte
jenkins-cha,Jenkins,,Charlotte
johnson-cha,Johnson,,Charlotte
kain-cha,Kain,"Charles E. ""Barley""",Charlotte
kuhn-cha,Kuhn,,Charlotte
leake-cha,Leake,Joe,Charlotte
liddell-cha,Liddell,,Charlotte
maffitt-cha,Maffitt,,Charlotte
mcevoy-cha,McEvoy,James Joseph,Charlotte
mclaughlin-cha,McLaughlin,"Edward E. ""Ed""",Charlotte
newnam-cha,Newnam,"Robert A. ""Pat""*",Charlotte
oldham.g-cha,Oldham,George W.,Charlotte
oldham.j-cha,Oldham,Jesse Morrow,Charlotte
prim-cha,Prim,Fred William,Charlotte
reid-cha,Reid,"Richmond ""Rich""",Charlotte
reynolds-cha,Reynolds,Jesse T.,Charlotte
rowe-cha,Rowe,,Charlotte
sechrist-cha,Sechrist,Theodore O.*,Charlotte
shannonhouse-cha,Shannonhouse,,Charlotte
smith-cha,Smith,,Charlotte
springs-cha,Springs,Fred E.,Charlotte
tanner-cha,Tanner,M. P.,Charlotte
wooten-cha,Wooten,Lloyd,Charlotte
bateman-dan,Bateman,Frederick Thomas,Danville
benny-dan,Benny,"John B. ""Jack""",Danville
bierman-dan,Bierman,Fred,Danville
cole-dan,Cole,"Laviland ""Lave""",Danville
doyle-dan,Doyle,Frank,Danville
holland-gre+dan,Holland,Howard,Danville
howard-dan,Howard,W.,Danville
moore-dan,Moore,J. Sheft,Danville
powell-dan,Powell,"Walter B. ""Watt""",Danville
ransick-dan,Ransick,Edward J.,Danville
south-dan,South,Walter,Danville
totman-dan,Totman,Clarence Ira,Danville
troy-dan,Troy,"Thaddeus ""Thad""",Danville
wesp-dan,Wesp,,Danville
winston-sal+dan,Winston,,Danville
woodward-dan,Woodward,Ben B.,Danville
accorsini-gre+cha,Accorsini,,Greensboro
bowen-gre+sal,Bowen,Andrew Nelson,Greensboro
byram-gre,Byram,,Greensboro
charters-gre,Charters,Peyton W.,Greensboro
clayton-gre,Clayton,,Greensboro
daley-gre,Daley,,Greensboro
doak-gre,Doak,Charles Glenn,Greensboro
gilland-gre,Gilland,John DeSauaaure,Greensboro
grim-gre,Grim,John J.,Greensboro
hickson-sal+gre,Hickson,Roy H.,Greensboro
holland-gre+dan,Holland,Howard,Greensboro
hooker-gre,Hooker,"Wm. E. ""Buck""*",Greensboro
kelly-gre,Kelly,"George W. ""King""",Greensboro
lucas-gre,Lucas,Charles W.,Greensboro
moore-gre,Moore,,Greensboro
morgan-gre,Morgan,,Greensboro
murray-gre+sal,Murray,"Ernest M. ""Ernie""",Greensboro
pease-gre,Pease,(Chas./Walt?),Greensboro
ryan-gre,Ryan,,Greensboro
stephens-gre,Stephens,(Len?),Greensboro
watson-gre,Watson,,Greensboro
whipple-sal+gre,Whipple,Eugene W.,Greensboro
wilson-gre,Wilson,"Jasper T. ""Zeke""",Greensboro
wilson-gre,Wilson,"Jasper ""Zeke""",Greensboro
wynne-sal+gre,Wynne,William H.,Greensboro
asbury-sal,Asbury,"""Diddie""",Salisbury-Spencer
benbow-sal,Benbow,J. A.,Salisbury-Spencer
bentley-sal,Bentley,William A.,Salisbury-Spencer
boone-sal,Boone,,Salisbury-Spencer
bowen-gre+sal,Bowen,Andrew Nelson,Salisbury-Spencer
cheshire-cha+sal,Cheshire,John,Salisbury-Spencer
cooke-sal,Cooke,C. C.,Salisbury-Spencer
doak-sal,Doak,,Salisbury-Spencer
donnelly-sal,Donnelly,John,Salisbury-Spencer
edwards-sal,Edwards,,Salisbury-Spencer
ham-sal,Ham,Lamar F.,Salisbury-Spencer
hickson-sal+gre,Hickson,Roy H.,Salisbury-Spencer
hogue-sal,Hogue,B. B.,Salisbury-Spencer
holt-sal+ws,Holt,Earl Pendleton,Salisbury-Spencer
laval-sal,Laval,"William L. ""Billy""",Salisbury-Spencer
legrand-sal,Legrand,,Salisbury-Spencer
lovell-sal,Lovell,,Salisbury-Spencer
mcleavy-sal,McLeavy,,Salisbury-Spencer
moser-sal,Moser,Walter F.*,Salisbury-Spencer
murray-gre+sal,Murray,"Ernest M. ""Ernie""",Salisbury-Spencer
shaver-sal,Shaver,G./C. K.,Salisbury-Spencer
shaw-sal,Shaw,,Salisbury-Spencer
shelton-sal,Shelton,,Salisbury-Spencer
sitton-sal,Sitton,(C. V.*/Phil?),Salisbury-Spencer
strothers-sal,Strothers,"John C. ""Con""",Salisbury-Spencer
watson-sal,Watson,"Julius C. ""Jules""",Salisbury-Spencer
whipple-sal+gre,Whipple,Eugene W.,Salisbury-Spencer
winston-sal+dan,Winston,,Salisbury-Spencer
wynne-sal+gre,Wynne,William H.,Salisbury-Spencer
holt-sal+ws,Holt,Earl Pendleton,Winston-Salem
