person.key,person.name.last,person.name.first,entry.name
clemens-day,Clemens,,Dayton
compton-day,Compton,,Dayton
donaldson-day,Donaldson,,Dayton
fahrer-day,Fahrer,,Dayton
herring-day,Herring,,Dayton
hobbs-day,Hobbs,,Dayton
horan-day,Horan,,Dayton
jones-day+fw,Jones,,Dayton
kyle-whe+day,Kyle,,Dayton
martin-day,Martin,,Dayton
noel-day,Noel,,Dayton
orris-whe+day,Orris,,Dayton
ridley-day+whe,Ridley,,Dayton
rowan-day,Rowan,,Dayton
shirm-day,Shirm,,Dayton
spencer-day,Spencer,,Dayton
stupp-day,Stupp,,Dayton
sykes-day,Sykes,,Dayton
wachtel-day,Wachtel,,Dayton
warner-day,Warner,,Dayton
wetzel-day,Wetzel,,Dayton
woerth-day,Woerth,,Dayton
alcock-eri+gr,Alcock,,Erie
aldridge-eri,Aldridge,,Erie
behan-eri,Behan,,Erie
cannon-eri,Cannon,,Erie
close-eri,Close,,Erie
cooper-eri,Cooper,,Erie
coveleski-eri,Coveleski,,Erie
coveleski-eri,Covaleskie,,Erie
gygli-eri,Gygli,,Erie
haggerty-eri,Haggerty,,Erie
harris-eri,Harris,,Erie
heck-eri,Heck,,Erie
hovlik-eri,Hovlik,,Erie
martin-whe+eri,Martin,,Erie
mcneil-eri,McNeil,,Erie
miller-eri,Miller,,Erie
nee-eri,Nee,,Erie
quinlan-eri,Quinlan,,Erie
ramsey-eri,Ramsey,,Erie
scott-eri,Scott,,Erie
shears-eri,Shears,,Erie
stanley-eri,Stanley,,Erie
tyree-eri,Tyree,,Erie
altermatt-eva,Altermatt,,Evansville
cantley-eva,Cantley,,Evansville
clark-eva,Clark,,Evansville
folmar-eva,Folmar,,Evansville
fromholtz-eva,Fromholtz,,Evansville
grefe-eva,Grefe,,Evansville
hauger-eva,Hauger,,Evansville
hauser-eva,Hauser,,Evansville
henning-eva,Henning,,Evansville
kibble-eva,Kibble,,Evansville
knoll-eva,Knoll,,Evansville
matthews-eva,Matthews,,Evansville
miller-eva,Miller,,Evansville
tepe-eva,Tepe,,Evansville
turner-eva,Turner,,Evansville
winkleman-eva,Winkleman,,Evansville
winkleman-eva,Winkelman,,Evansville
woolf-eva,Woolf,,Evansville
young-eva,Young,,Evansville
ainsworth-fw,Ainsworth,,Fort Wayne
bell-fw+whe,Bell,,Fort Wayne
beyers-fw,Beyers,,Fort Wayne
brant-fw,Brant,,Fort Wayne
bratschi-fw,Bratschi,,Fort Wayne
bratschi-fw,Bratchi,,Fort Wayne
brubaker-fw,Brubaker,,Fort Wayne
donley-fw+whe,Donley,,Fort Wayne
gard-fw,Gard,,Fort Wayne
green-fw,Green,,Fort Wayne
hart-fw,Hart,,Fort Wayne
hartle-fw,Hartle,,Fort Wayne
hartsell-fw,Hartsell,,Fort Wayne
holderman-fw,Holderman,,Fort Wayne
jones-day+fw,Jones,,Fort Wayne
meyers-fw,Meyers,,Fort Wayne
myers-fw,Myers,,Fort Wayne
osborne-fw,Osborne,,Fort Wayne
ostermeyer-fw,Ostermeyer,,Fort Wayne
robbins-fw,Robbins,,Fort Wayne
sheehan-fw,Sheehan,,Fort Wayne
smyth-fw,Smyth,,Fort Wayne
tuman-fw,Tuman,,Fort Wayne
alcock-eri+gr,Alcock,,Grand Rapids
anderson-gr+whe,Anderson,,Grand Rapids
callahan-gr,Callahan,,Grand Rapids
carlson-gr,Carlson,,Grand Rapids
dehaven-gr,DeHaven,,Grand Rapids
devormer-gr,DeVormer,,Grand Rapids
duncan-gr,Duncan,,Grand Rapids
edington-gr,Edington,,Grand Rapids
goshorn-gr,Goshorn,,Grand Rapids
grimes-gr,Grimes,,Grand Rapids
hauser-gr,Hauser,,Grand Rapids
keen-whe+gr,Keen,,Grand Rapids
mcarthur-gr,McArthur,,Grand Rapids
mcgraw-gr,McGraw,,Grand Rapids
mee-gr,Mee,,Grand Rapids
melter-gr,Melter,,Grand Rapids
pattison-gr+th,Pattison,,Grand Rapids
paynter-gr,Paynter,,Grand Rapids
penner-gr,Penner,,Grand Rapids
romine-gr,Romine,,Grand Rapids
steil-gr,Steil,,Grand Rapids
stellbauer-gr,Stellbauer,,Grand Rapids
brautigam-th,Brautigam,,Terre Haute
brautigam-th,Brautigan,,Terre Haute
brown-th,Brown,,Terre Haute
evers-th,Evers,,Terre Haute
gilbert-th,Gilbert,,Terre Haute
gray-th,Gray,,Terre Haute
gregg-th,Gregg,,Terre Haute
griesel-th,Griesel,,Terre Haute
leber-th,Leber,,Terre Haute
madden-th,Madden,,Terre Haute
marshall-th,Marshall,,Terre Haute
matteson-th+whe,Matteson,,Terre Haute
mccarty-th,McCarty,,Terre Haute
mclafferty-th,McLafferty,,Terre Haute
nehf-th,Nehf,,Terre Haute
oday-whe+th,O'Day,,Terre Haute
pattison-gr+th,Pattison,,Terre Haute
thomas-th,Thomas,,Terre Haute
vann-th,Vann,,Terre Haute
anderson-gr+whe,Anderson,,Wheeling
barron-whe,Barron,,Wheeling
bell-fw+whe,Bell,,Wheeling
davis-whe,Davis,,Wheeling
donley-fw+whe,Donley,,Wheeling
johnson-whe,Johnson,,Wheeling
keen-whe+gr,Keen,,Wheeling
kyle-whe+day,Kyle,,Wheeling
lear-whe,Lear,,Wheeling
martin-whe+eri,Martin,,Wheeling
matteson-th+whe,Matteson,,Wheeling
meister-whe,Meister,,Wheeling
mullaney-whe,Mullaney,,Wheeling
neale-whe,Neale,,Wheeling
nespo-whe,Nespo,,Wheeling
norton-whe,Norton,,Wheeling
oday-whe+th,O'Day,,Wheeling
oneil-whe,O'Neil,,Wheeling
orris-whe+day,Orris,,Wheeling
pracht-whe,Pracht,,Wheeling
ridley-day+whe,Ridley,,Wheeling
shriver-whe,Shriver,,Wheeling
sisson-whe,Sisson,,Wheeling
umlauf-whe,Umlauf,,Wheeling
umlauf-whe,Umlauff,,Wheeling
wetzel-whe,Wetzel,,Wheeling
withrow-whe,Withrow,,Wheeling
altenburg-you,Altenburg,,Youngstown
altenburg-you,Altenberg,,Youngstown
blount-you,Blount,,Youngstown
collins-you,Collins,,Youngstown
duffy-you,Duffy,,Youngstown
gray-you,Gray,,Youngstown
hemphill-you,Hemphill,,Youngstown
hemphill-you,Hamphill,,Youngstown
hill-you,Hill,,Youngstown
kelley-you,Kelley,,Youngstown
mcauley-you,McAuley,,Youngstown
reilly-you,Reilly,,Youngstown
scheeren-you,Scheeren,,Youngstown
schettler-you,Schettler,,Youngstown
schmitt-you,Schmitt,,Youngstown
siglin-you,Siglin,,Youngstown
stanley-you,Stanley,,Youngstown
thompson-you,Thompson,,Youngstown
wagner-you,Wagner,,Youngstown
