person.key,person.name.last,person.name.first,entry.name
balliett-dub+blo,Balliett,,Bloomington
barker-blo,Barker,,Bloomington
connor-blo,Connor,,Bloomington
donavan-blo,Donavan,,Bloomington
ebright-bro,Ebright,,Bloomington
godwin-blo,Godwin,,Bloomington
henline-ri+blo,Henline,,Bloomington
herbert-blo,Herbert,,Bloomington
kennedy-spr+blo,Kennedy,,Bloomington
kinsella-blo,Kinsella,,Bloomington
moore-blo,Moore,,Bloomington
ott-blo,Ott,,Bloomington
powell-blo,Powell,,Bloomington
sasse-blo,Sasse,,Bloomington
selby-blo,Selby,,Bloomington
smith-blo,Smith,,Bloomington
snyder-blo,Snyder,,Bloomington
tracy-blo,Tracy,,Bloomington
walters-blo,Walters,,Bloomington
ball-cr,Ball,,Cedar Rapids
barry-cr,Berry,,Cedar Rapids
berte-cr,Berte,,Cedar Rapids
cameron-cr,Cameron,,Cedar Rapids
davis-cr,Davis,,Cedar Rapids
derham-cr,Derham,,Cedar Rapids
ford-cr,Ford,,Cedar Rapids
gill-cr,Gill,,Cedar Rapids
hill-cr,Hill,,Cedar Rapids
himes-cr,Himes,,Cedar Rapids
ruger-cr,Ruger,,Cedar Rapids
spencer-cr,Spencer,,Cedar Rapids
stauffer-cr,Stauffer,,Cedar Rapids
alperman-dav,Alperman,,Davenport
baker-dav,Baker,,Davenport
blanchard-dav,Blanchard,,Davenport
burg-dav,Burg,,Davenport
crockett-dav,Crockett,,Davenport
harrod-dav,Harrod,,Davenport
hughs-dav,Hughs,,Davenport
ives-dav,Ives,,Davenport
lilevelt-dav,Lilevelt,,Davenport
mcgreevy-dav,McGreevy,,Davenport
nicol-peo+dav,Nicol,,Davenport
nieman-dav,Nieman,,Davenport
thompson-dav,Thompson,,Davenport
webster-dav,Webster,,Davenport
williams-dav,Williams,,Davenport
barry-dec,Barry,,Decatur
bryette-dec,Bryette,,Decatur
edwards-dec,Edwards,,Decatur
hardy-ec,Hardy,,Decatur
kuhns-dec,Kuhns,,Decatur
lemon-dec,Lemon,,Decatur
lewee-dec,Lewee,,Decatur
mcfarland-dec,McFarland,,Decatur
oconnor-dec,O'Connor,,Decatur
purtell-dec,Purtell,,Decatur
stone-dec,Stone,,Decatur
swacina-dec,Swacina,,Decatur
syfert-dec,Syfert,,Decatur
thornton-dec,Thornton,,Decatur
balliett-dub+blo,Balliett,,Dubuque
bishop-dub,Bishop,,Dubuque
buelow-dub,Buelow,,Dubuque
cook-dub,Cook,,Dubuque
davidson-dub,Davidson,,Dubuque
hadley-dub,Hadley,,Dubuque
hines-dub,Hines,,Dubuque
hughs-dub,Hughs,,Dubuque
owens-dub,Owens,,Dubuque
reagan-dub,Reagan,,Dubuque
reetz-dub,Reetz,,Dubuque
stark-dub,Stark,,Dubuque
swaim-dub,Swaim,,Dubuque
thiery-dubn,Thiery,,Dubuque
warren-dub,Warren,,Dubuque
eagan-peo,Eagan,,Peoria
eastman-peo,Eastman,,Peoria
elton-peo,Elton,,Peoria
fleming-peo,Fleming,,Peoria
gilpatrick-peo,Gilpatrick,,Peoria
graham-peo,Graham,,Peoria
gruebner-spr+peo,Gruebner,,Peoria
jaeger-peo,Jaeger,,Peoria
jones-peo,Jones,,Peoria
kennedy-peo,Kennedy,,Peoria
klinkhammer-peo,Klinkhammer,,Peoria
lawrence-peo,Lawrence,,Peoria
linderbeck-peo,Linderbeck,,Peoria
mcnamara-peo,McNamara,,Peoria
morton-peo+spr,Morton,,Peoria
nicol-peo+dav,Nicol,,Peoria
olmstead-peo,Olmstead,,Peoria
riggs-peo,Riggs,,Peoria
roach-peo,Roach,,Peoria
sapp-peo,Sapp,,Peoria
shour-peo,Shour,,Peoria
simon-peo,Simon,,Peoria
smith-peo,Smith,,Peoria
weisenberger-peo+spr,Weisenberger,,Peoria
wright-spr+peo,Wright,,Peoria
carlisle-ri,Carlisle,,Rock Island
eng-ri,Eng,,Rock Island
hagermann-ri,Hagermann,,Rock Island
henline-ri+blo,Henline,,Rock Island
lakaff-ri,Lakaff,,Rock Island
lister-ri,Lister,,Rock Island
lundin-ri,Lundin,,Rock Island
mcconnell-ri,McConnell,,Rock Island
ruby-ri,Ruby,,Rock Island
shaub-ri,Shaub,,Rock Island
vandine-ri,Vandine,,Rock Island
walters-ri,Walters,,Rock Island
wanner-ri,Wanner,,Rock Island
wilson-ri,Wilson,,Rock Island
bridges-spr,Bridges,,Springfield
brittsen-spr,Brittsen,,Springfield
donnelley-spr,Donnelley,,Springfield
ebert-spr,Ebert,,Springfield
gruebner-spr+peo,Gruebner,,Springfield
jacobs-spr,Jacobs,,Springfield
kennedy-spr+blo,Kennedy,,Springfield
lippert-spr,Lippert,,Springfield
ludwig-spr,Ludwig,,Springfield
morton-peo+spr,Morton,,Springfield
novacek-spr,Novacek,,Springfield
oberlin-spr,Oberlin,,Springfield
scharnweber-spr,Scharnweber,,Springfield
weisenberger-peo+spr,Weisenberger,,Springfield
wright-spr+peo,Wright,,Springfield
