person.key,person.name.last,person.name.first,entry.name
morton-exc,Morton,Charles H.*,#league
england-ump,England,,#umpire
evans-ump,Evans,,#umpire
list-ump,List,William,#umpire
otoole-ump,O'Toole,,#umpire
sump-lan+ump,Sump,William,#umpire
taylor-ump,Taylor,,#umpire
wilson-ump,Wilson,,#umpire
bedur-akr,Bedur,F. A. Otto,Akron
belden-akr,Belden,William,Akron
callahan-akr+mck,Callahan,James Timothy*,Akron
christian-akr,Christian,John Tyler,Akron
dithridge-akr,Dithridge,William George,Akron
doubles-akr,Doubles,John Franklin,Akron
east-akr,East,Walter Rufus,Akron
east-akr,East,Walter,Akron
kommer-akr,Kommer,"William Haig ""Billy""",Akron
kunkel-akr+lan,Kunkel,Harry Frances,Akron
lalonge-akr,LaLonge,"Lewis M. ""Mickey""",Akron
limric-akr,Limric,James G.,Akron
long-akr,Long,Frank J.,Akron
nolan-mas+akr,Nolan,John W.,Akron
ortlieb-akr+nil,Ortlieb,"Herman ""Doggie""",Akron
schwartz-akr+nil,Schwartz,"William C. ""Bill""*",Akron
snyder-akr,Snyder,,Akron
strood-akr,Strood,"Fred ""Teddy""",Akron
bailey-bra,Bailey,Murphy,Braddock
brisbine-bra,Brisbine,Frank,Braddock
bruckmiller-bra,Bruckmiller,"Andrew ""Andy""*",Braddock
burke-mas+bra,Burke,Frank,Braddock
castle-mas+bra,Castle,Ben,Braddock
crum-mck+bra,Crum,Walter Ignatius,Braddock
cushman-bra,Cushman,Harvey B.*,Braddock
davies-bra,Davies,Lloyd,Braddock
edmundson-bra,Edmundson,Mays M.,Braddock
hughes-bra,Hughes,Tommy,Braddock
james-bra,James,William A.,Braddock
keller-bra,Keller,Harry N.,Braddock
mchale-bra,McHale,R. C.,Braddock
mckim-bra,McKim,Donald,Braddock
porter-bra,Porter,"Carl A. ""Pete""",Braddock
ralston-bra,Ralston,,Braddock
sandherr-bra,Sandherr,Nelson W.,Braddock
shelby-bra,Shelby,Dave,Braddock
smith-bra,Smith,"Sam ""Sammy""",Braddock
sweeney-bra,Sweeney,"Patrick ""Pat""",Braddock
tate-bra,Tate,,Braddock
unrue-bra,Unrue,Armour T.,Braddock
collins-hom,Collins,Frank,Homestead
eastley-hom,Eastley,"Patrick Henry ""Pat""",Homestead
fohl-hom+you,Fohl,"Leo A. ""Lee""*",Homestead
hart-hom,Hart,,Homestead
heinz-hom,Heinz,,Homestead
johnston-hom,Johnston,"William H. ""Bill""",Homestead
kennoy-hom,Kennoy,"William B. ""Buck""",Homestead
lynch-hom,Lynch,,Homestead
mathay-hom,Mathay,George E.,Homestead
mcclaren-mck+hom,McClaren,Jimmy,Homestead
mcilvaine-hom,McIlvaine,,Homestead
mckechnie-hom,McKechnie,,Homestead
morgan-hom,Morgan,Russell Hess,Homestead
orbin-mck+hom,Orbin,Walter Brown,Homestead
osborne-hom,Osborne,"Arch J. ""Lefty""",Homestead
powell-hom,Powell,,Homestead
railey-hom,Railey,,Homestead
reichert-mas+hom,Reichert,Al,Homestead
risler-hom,Risher,,Homestead
risler-hom,Risler,,Homestead
risler-hom,Risler?Risher,,Homestead
schultz-hom,Schultz,,Homestead
sellers-hom,Sellers,"Oliver ""Rube""*",Homestead
stauffer-hom,Stauffer,,Homestead
sykes-hom,Sykes,,Homestead
tate-home,Tate,"Hugh H. ""Hughie""*",Homestead
denning-ken,Denning,Ernest G.,Kent
edgefelt-ken,Edgefelt,,Kent
fitzgerald-ken,Fitzgerald,John,Kent
lyman-ken,Lyman,,Kent
lyman-ken,Lyman,W. E.,Kent
metz-ken,Metz,Henry,Kent
myers-ken,Myers,,Kent
redman-ken,Redman,Harry,Kent
russ-ken,Russ,,Kent
smith-ken,Smith,H.,Kent
storch-ken,Storch,Harry H.,Kent
white-ken,White,,Kent
abbott-lan,Abbott,"Charles W. ""Doc""",Lancaster
allen-lan,Allen,Ed.,Lancaster
bissell-lan+new,Bissell,Wilbert P.,Lancaster
bowers-lan,Bowers,,Lancaster
compton-lan,Compton,"Harry L. ""Jack""*",Lancaster
ferrell-lan,Ferrell,"Robert ""Rob""",Lancaster
gray-lan,Gray,William,Lancaster
gygli-lan,Gygli,Frank Fred,Lancaster
heller-lan,Heller,"Frederick E. ""Fred""",Lancaster
humphreys-mv+new+lan,Humphreys,Harley E.,Lancaster
ilger-mv+lan,Ilger,Ned William,Lancaster
johns-lan,Johns,Harold L.,Lancaster
king-lan,King,Ray,Lancaster
kunkel-akr+lan,Kunkel,Harry Frances,Lancaster
locke-lan,Locke,Frank,Lancaster
murray-lan,Murray,"Alexander ""Sandy""",Lancaster
reynolds-mv+lan,Reynolds,Frank,Lancaster
sump-lan+ump,Sump,"William C. ""Bill""",Lancaster
tomlin-lan,Tomlin,,Lancaster
troy-lan,Troy,,Lancaster
winters-lan,Winters,Scott Morledge,Lancaster
brahm-mas,Brahm,Edward Charles,Massillon
brennan-mas,Brennan,John A.,Massillon
buhmaier-mas,Buhmaier,,Massillon
burke-mas+bra,Burke,Frank,Massillon
castle-mas+bra,Castle,Ben,Massillon
drake-mas+nil,Drake,Delos D.*,Massillon
gove-mas,Gove,"W. M. ""Doc""",Massillon
keller-mas,Keller,,Massillon
ketler-mas+sha,Ketler,James,Massillon
lipps-mas,Lipps,Walter R.,Massillon
malloy-mas+mv,Malloy,"J. Herman ""Tug""*",Massillon
morgan-mas,Morgan,,Massillon
nolan-mas+akr,Nolan,John W.,Massillon
reed-mas,Reed,George Frank,Massillon
reichert-mas+hom,Reichert,Al,Massillon
shanabrook-mas,Shanabrook,,Massillon
tindall-mas,Tindall,,Massillon
white-mas,White,,Massillon
beggs-mck,Beggs,,McKeesport
bennett-mck,Bennett,M. S.,McKeesport
brent-mck,Brent,Milford Myer,McKeesport
burkett-mck,Burkett,,McKeesport
callahan-akr+mck,Callahan,James Timothy*,McKeesport
coggins-mck,Coggins,,McKeesport
crawford-mck,Crawford,Ed,McKeesport
crum-mck+bra,Crum,Walter Ignatius,McKeesport
demoss-mck,DeMoss,Charles,McKeesport
duff-mck,Duff,Thomas,McKeesport
english-mck,English,A. W.,McKeesport
glassburner-mck,Glassburner,William George,McKeesport
hollis-mck,Hollis,Harvey C.,McKeesport
kennedy-mck,Kennedy,Jack,McKeesport
laughlin-mck,Laughlin,,McKeesport
mccaffrey-mck,McCaffrey,,McKeesport
mcclaren-mck+hom,McClaren,Jimmy,McKeesport
metz-mck,Metz,Fred,McKeesport
orbin-mck+hom,Orbin,Walter Brown,McKeesport
piper-mck,Piper,Frank,McKeesport
rufflange-mck,Rufflange,W.,McKeesport
schmidt-mck,Schmidt,August,McKeesport
smith-mck,Smith,William,McKeesport
soffel-mck,Soffel,Herman E.,McKeesport
soffel-mck,Soffel,Herman,McKeesport
white-mck,White,,McKeesport
biery-mv+zan,Biery,"Albert R. ""Bert""",Mount Vernon
boyle-mv+nil,Boyle,"Fred C. ""Lefty""",Mount Vernon
clark-mv,Clark,Robert,Mount Vernon
geyer-mv+nil,Geyer,"Jacob B. ""Rube""*",Mount Vernon
goodrich-mv,Goodrich,John,Mount Vernon
humphreys-mv+new+lan,Humphreys,Harley E.,Mount Vernon
ilger-mv+lan,Ilger,Ned William,Mount Vernon
lillis-mv,Lillis,William,Mount Vernon
maaq-nil+mv+sha+new,Maaq,Charles Henry,Mount Vernon
malloy-mas+mv,Malloy,"J. Herman ""Tug""*",Mount Vernon
miller-mv,Miller,"Charles ""Mully""",Mount Vernon
nist-mv,Nist,Edward George,Mount Vernon
reynolds-mv+lan,Reynolds,Frank,Mount Vernon
riley-mv,Riley,"Daniel ""Bullet""",Mount Vernon
weida-mv,Weida,William Weiler,Mount Vernon
william-mv,William,,Mount Vernon
bissell-lan+new,Bissell,Wilbert P.,Newark
davis-new,Davis,"Daniel ""Dan""",Newark
doyle-new,Doyle,James Joseph,Newark
humphreys-mv+new+lan,Humphreys,Harley E.,Newark
knepper-new,Knepper,Charles,Newark
maaq-nil+mv+sha+new,Maaq,Charles Henry,Newark
mason-new,Mason,"Nelson ""Nels""",Newark
mcdonald-new,McDonald,,Newark
miller-new,Miller,Al,Newark
moore-new,Moore,"John F. ""Buck""",Newark
purcell-new,Purcell,"Fred. ""Teddy""",Newark
schweitzer-new,Schweitzer,"Albert C. ""Al""*",Newark
snodgrass-new,Snodgrass,Walter A.,Newark
snyder-new,Snyder,"William J. ""Lefty""",Newark
stone-new,Stone,Howard B.,Newark
water-new,Water,,Newark
wratten-new,Wratten,"John Irvin ""Irve""",Newark
allemang-nil,Allemang,Harry,Niles
boyle-mv+nil,Boyle,"Fred C. ""Lefty""",Niles
cooper-nil,Cooper,"James ""Jimmy""",Niles
crow-nil,Crow,Charley,Niles
crow-nil,Crowe,Charles,Niles
delahanty-nil,Delahanty,"William John ""Bill""",Niles
drake-mas+nil,Drake,Delos D.*,Niles
geyer-mv+nil,Geyer,"Jacob B. ""Rube""*",Niles
gorton-nil,Gorton,"Lyman Jones ""Ly""",Niles
johnson-nil,Johnson,,Niles
krueger-nil,Krueger,Hugo,Niles
laing-nil,Laing,,Niles
maaq-nil+mv+sha+new,Maaq,Charles Henry,Niles
mcclintock-nil,McClintock,Albert Cooper,Niles
nagle-nil,Nagle,"Andrew J. ""Red""",Niles
ortlieb-akr+nil,Ortlieb,Herman,Niles
patterson-nil,Patterson,Van Dyke,Niles
rankin-nil,Rankin,"William ""Bill""",Niles
rigby-nil,Rigby,,Niles
rudolph-nil,Rudolph,,Niles
schwartz-akr+nil,Schwartz,"William C. ""Bill""*",Niles
stewart-nil,Stewart,J.,Niles
truby-nil,Truby,Harry G.*,Niles
wood-nil,Wood,"Robert L. ""Bob""*",Niles
wright-nil,Wright,"C. Eugene ""Gene""*",Niles
bates-sha,Bates,"John W. ""Johnny""*",Sharon
casey-sha,Casey,"""Mysterious""",Sharon
cass-sha,Cass,Arthur,Sharon
ferguson-sha,Ferguson,James,Sharon
fitzgerald-sha,Fitzgerald,"Matthew W. ""Matty""*",Sharon
flynn-sha,Flynn,,Sharon
forkum-sha,Forkum,Carl Schurz,Sharon
gibson-sha,Gibson,Charles E.*,Sharon
harkins-sha,Harkins,,Sharon
kerr-sha,Kerr,Aaron F.,Sharon
ketler-mas+sha,Ketler,James,Sharon
killen-sha,Killen,"Frank B. ""Lefty""*",Sharon
killen-sha,Killen,Frank B.*,Sharon
maaq-nil+mv+sha+new,Maaq,Charles Henry,Sharon
moran-sha,Moran,John,Sharon
rudolph-sha,Rudolph,"John H. ""Dutch""*",Sharon
schettler-sha,Schettler,"Louis M. ""Lou""*",Sharon
smith-sha,Smith,William,Sharon
tate-sha,Tate,,Sharon
welty-sha,Welty,,Sharon
white-sha,White,,Sharon
witterup-sha,Witterup,Foster Leroy*,Sharon
armstrong-you,Armstrong,Cecil,Youngstown
barton-you,Barton,"James A. ""Jimmy""",Youngstown
blount-you,Blount,"Iowerth M. ""Curley""",Youngstown
dolan-you,Dolan,"John F. ""Jack""*",Youngstown
ferguson-you,Ferguson,Cecil B.*,Youngstown
fields-you,Fields,Meyer,Youngstown
fohl-hom+you,Fohl,"Leo A. ""Lee""*",Youngstown
hogan-you,Hogan,"Martin F. ""Marty""*",Youngstown
maloney-you,Maloney,William James,Youngstown
mccloskey-you,McCloskey,Charles Francis,Youngstown
oneill-you,O'Neill,"Phillip B. ""Peaches""*",Youngstown
phyle-you,Phyle,"William J. ""Bill""*",Youngstown
phyle-you,Phyle,Capt.,Youngstown
smith-you,Smith,,Youngstown
starr-you,Starr,Charles W.*,Youngstown
thomas.b-you,Thomas,B.,Youngstown
thomas.t-you+zan,Thomas,"Thomas R. ""Tom""*",Youngstown
thomas.w-you,Thomas,"William M. ""Bill""",Youngstown
whitney-you,Whitney,"Merle B. ""Mert""",Youngstown
anderson.l-zan,Anderson,Lenny,Zanesville
anderson.u-zan,Anderson,[bus mgr],Zanesville
biery-mv+zan,Biery,"Albert R. ""Bert""",Zanesville
blue-zan,Blue,"Bird W. ""Bert""*",Zanesville
drumm-zan,Drumm,"Ferdinand ""Ferd""",Zanesville
drumm-zan,Drumm,Ferdinand,Zanesville
elston-zan,Elston,Curt,Zanesville
flood-zan,Flood,"John ""Tim""",Zanesville
gilliigan-zan,Gilligan,Ed?,Zanesville
greminger-zan,Greminger,"L. Edward ""Ed""*",Zanesville
hatch-zan,Hatch,"Charles C. ""Slim""",Zanesville
hausman-zan,Hausman,"George ""Cappy""",Zanesville
huling-zan,Huling,"Thomas ""Tom""",Zanesville
kustus-zan,Kustus,"Jos. Julius ""Jul""*",Zanesville
lucas-zan,Lucas,"James ""Jimmy""",Zanesville
quinn-zan,Quinn,"W. J. ""Bobby""",Zanesville
thomas.t-you+zan,Thomas,"Thomas R. ""Tom""*",Zanesville
volk-zan,Volk,George William,Zanesville
wilmot-zan,Wilmot,"Albert James ""Al""",Zanesville
